run,total_import,total_charge,total_discharge,avg_soc
0,121330.0011,0.0,76.0,20.9122807
1,115454.6472,0.0,76.0,20.9122807
2,102849.1378,0.0,76.0,20.9122807
3,116204.36230000001,0.0,76.0,20.9122807
4,117587.87190000001,0.0,76.0,20.9122807
5,117389.1414,0.0,76.0,20.9122807
6,108532.2857,0.0,76.0,20.9122807
7,121864.64799999999,0.0,76.0,20.9122807
8,121490.7723,0.0,76.0,20.9122807
9,121469.4072,0.0,76.0,20.9122807
10,115264.3211,0.0,76.0,20.9122807
11,125002.72270000001,0.0,76.0,20.9122807
12,111505.76650000001,0.0,76.0,20.9122807
13,116383.06529999999,0.0,76.0,20.9122807
14,115011.81290000003,0.0,76.0,20.9122807
15,134304.6599,0.0,76.0,20.9122807
16,113050.3928,0.0,76.0,20.9122807
17,113345.09079999999,0.0,76.0,20.9122807
18,116672.5396,0.0,76.0,20.9122807
19,103079.6807,0.0,76.0,20.9122807
20,117354.58989999998,0.0,76.0,20.9122807
21,106540.24419999999,0.0,76.0,20.9122807
22,113464.2385,0.0,76.0,20.9122807
23,120056.7707,0.0,76.0,20.9122807
24,119139.6601,0.0,76.0,20.9122807
25,112937.883,0.0,76.0,20.9122807
26,102325.76530000001,0.0,76.0,20.9122807
27,112553.55799999998,0.0,76.0,20.9122807
28,103724.96810000001,0.0,76.0,20.9122807
29,101147.93770000001,0.0,76.0,20.9122807
30,100422.09920000001,0.0,76.0,20.9122807
31,112052.6459,0.0,76.0,20.9122807
32,115837.96,0.0,76.0,20.9122807
33,112748.069,0.0,76.0,20.9122807
34,121988.25849999998,0.0,76.0,20.9122807
35,107935.61069999998,0.0,76.0,20.9122807
36,103004.966,0.0,76.0,20.9122807
37,111359.42270000001,0.0,76.0,20.9122807
38,108992.6843,0.0,76.0,20.9122807
39,120534.0325,0.0,76.0,20.9122807
40,120795.63579999999,0.0,76.0,20.9122807
41,112224.2515,0.0,76.0,20.9122807
42,100632.22619999999,0.0,76.0,20.9122807
43,109344.56419999998,0.0,76.0,20.9122807
44,115530.485,0.0,76.0,20.9122807
45,119841.3458,0.0,76.0,20.9122807
46,110204.24409999998,0.0,76.0,20.9122807
47,105876.8882,0.0,76.0,20.9122807
48,106851.467,0.0,76.0,20.9122807
49,121498.9617,0.0,76.0,20.9122807
50,103788.53639999998,0.0,76.0,20.9122807
51,106755.14180000001,0.0,76.0,20.9122807
52,106351.31569999998,0.0,76.0,20.9122807
53,106867.40510000002,0.0,76.0,20.9122807
54,129420.63349999998,0.0,76.0,20.9122807
55,116155.73620000001,0.0,76.0,20.9122807
56,115455.53829999999,0.0,76.0,20.9122807
57,116769.3146,0.0,76.0,20.9122807
58,115453.40509999999,0.0,76.0,20.9122807
59,128746.47249999999,0.0,76.0,20.9122807
60,103663.02709999999,0.0,76.0,20.9122807
61,108736.3766,0.0,76.0,20.9122807
62,119080.05329999999,0.0,76.0,20.9122807
63,132222.1335,0.0,76.0,20.9122807
64,112489.73340000001,0.0,76.0,20.9122807
65,116904.30470000001,0.0,76.0,20.9122807
66,120187.49439999998,0.0,76.0,20.9122807
67,105643.58119999999,0.0,76.0,20.9122807
68,112130.05369999999,0.0,76.0,20.9122807
69,116633.4282,0.0,76.0,20.9122807
70,122042.48319999997,0.0,76.0,20.9122807
71,93507.63489999999,0.0,76.0,20.9122807
72,108446.19170000001,0.0,76.0,20.9122807
73,108850.73629999999,0.0,76.0,20.9122807
74,122091.10109999999,0.0,76.0,20.9122807
75,117246.442,0.0,76.0,20.9122807
76,101241.83679999999,0.0,76.0,20.9122807
77,104317.16319999998,0.0,76.0,20.9122807
78,109809.28290000002,0.0,76.0,20.9122807
79,114997.32650000001,0.0,76.0,20.9122807
80,108642.70010000002,0.0,76.0,20.9122807
81,136238.914,0.0,76.0,20.9122807
82,125332.53509999998,0.0,76.0,20.9122807
83,119787.02319999998,0.0,76.0,20.9122807
84,112349.6099,0.0,76.0,20.9122807
85,105577.61480000001,0.0,76.0,20.9122807
86,115586.66010000001,0.0,76.0,20.9122807
87,101465.40590000003,0.0,76.0,20.9122807
88,126574.96620000002,0.0,76.0,20.9122807
89,111069.53989999999,0.0,76.0,20.9122807
90,123887.44689999998,0.0,76.0,20.9122807
91,104454.3309,0.0,76.0,20.9122807
92,109694.3835,0.0,76.0,20.9122807
93,121176.2497,0.0,76.0,20.9122807
94,93372.06970000001,0.0,76.0,20.9122807
95,129519.4779,0.0,76.0,20.9122807
96,102943.2069,0.0,76.0,20.9122807
97,108235.68320000001,0.0,76.0,20.9122807
98,121110.66730000002,0.0,76.0,20.9122807
99,114283.9275,0.0,76.0,20.9122807
100,109528.61909999998,0.0,76.0,20.9122807
101,111134.8587,0.0,76.0,20.9122807
102,95788.44780000001,0.0,76.0,20.9122807
103,112149.3784,0.0,76.0,20.9122807
104,107473.22939999998,0.0,76.0,20.9122807
105,128102.9511,0.0,76.0,20.9122807
106,116181.6267,0.0,76.0,20.9122807
107,105695.6116,0.0,76.0,20.9122807
108,111632.92869999999,0.0,76.0,20.9122807
109,115604.6137,0.0,76.0,20.9122807
110,110361.1089,0.0,76.0,20.9122807
111,120425.91189999998,0.0,76.0,20.9122807
112,113187.4578,0.0,76.0,20.9122807
113,126321.1684,0.0,76.0,20.9122807
114,107460.72840000002,0.0,76.0,20.9122807
115,103609.45630000002,0.0,76.0,20.9122807
116,110331.97159999999,0.0,76.0,20.9122807
117,110360.8786,0.0,76.0,20.9122807
118,95499.884,0.0,76.0,20.9122807
119,106822.59680000001,0.0,76.0,20.9122807
120,106299.7418,0.0,76.0,20.9122807
121,105358.2095,0.0,76.0,20.9122807
122,138547.74829999998,0.0,76.0,20.9122807
123,94832.4905,0.0,76.0,20.9122807
124,144777.0209,0.0,76.0,20.9122807
125,108605.9442,0.0,76.0,20.9122807
126,133551.498,0.0,76.0,20.9122807
127,107531.44419999998,0.0,76.0,20.9122807
128,119191.10200000001,0.0,76.0,20.9122807
129,119139.67730000001,0.0,76.0,20.9122807
130,112749.28329999998,0.0,76.0,20.9122807
131,118299.9867,0.0,76.0,20.9122807
132,112653.04690000003,0.0,76.0,20.9122807
133,113146.60130000001,0.0,76.0,20.9122807
134,113987.0836,0.0,76.0,20.9122807
135,105632.3046,0.0,76.0,20.9122807
136,102329.22700000001,0.0,76.0,20.9122807
137,125409.04860000001,0.0,76.0,20.9122807
138,112326.6708,0.0,76.0,20.9122807
139,122666.27590000002,0.0,76.0,20.9122807
140,126348.3828,0.0,76.0,20.9122807
141,119407.6269,0.0,76.0,20.9122807
142,106115.5685,0.0,76.0,20.9122807
143,115574.31590000002,0.0,76.0,20.9122807
144,111471.23879999999,0.0,76.0,20.9122807
145,110558.83300000003,0.0,76.0,20.9122807
146,139100.1433,0.0,76.0,20.9122807
147,110573.14880000001,0.0,76.0,20.9122807
148,117953.547,0.0,76.0,20.9122807
149,96500.29669999998,0.0,76.0,20.9122807
150,136241.65399999998,0.0,76.0,20.9122807
151,122717.3771,0.0,76.0,20.9122807
152,118184.73729999998,0.0,76.0,20.9122807
153,104167.6749,0.0,76.0,20.9122807
154,110072.70050000002,0.0,76.0,20.9122807
155,121674.86500000002,0.0,76.0,20.9122807
156,126641.98469999999,0.0,76.0,20.9122807
157,122245.33149999999,0.0,76.0,20.9122807
158,117549.87079999999,0.0,76.0,20.9122807
159,128017.4128,0.0,76.0,20.9122807
160,121322.0293,0.0,76.0,20.9122807
161,120080.74690000001,0.0,76.0,20.9122807
162,125873.23280000001,0.0,76.0,20.9122807
163,100070.26279999998,0.0,76.0,20.9122807
164,105806.6824,0.0,76.0,20.9122807
165,123621.16299999999,0.0,76.0,20.9122807
166,112401.3584,0.0,76.0,20.9122807
167,119818.1798,0.0,76.0,20.9122807
168,106096.46599999999,0.0,76.0,20.9122807
169,120642.9961,0.0,76.0,20.9122807
170,91930.50070000002,0.0,76.0,20.9122807
171,112108.56270000001,0.0,76.0,20.9122807
172,137882.19049999997,0.0,76.0,20.9122807
173,105420.51019999999,0.0,76.0,20.9122807
174,92365.2221,0.0,76.0,20.9122807
175,112569.0796,0.0,76.0,20.9122807
176,104496.42910000001,0.0,76.0,20.9122807
177,121738.37719999999,0.0,76.0,20.9122807
178,114241.08469999999,0.0,76.0,20.9122807
179,106681.34319999999,0.0,76.0,20.9122807
180,110290.5368,0.0,76.0,20.9122807
181,127515.5878,0.0,76.0,20.9122807
182,105107.7877,0.0,76.0,20.9122807
183,111064.07969999999,0.0,76.0,20.9122807
184,111124.19039999999,0.0,76.0,20.9122807
185,107057.1635,0.0,76.0,20.9122807
186,116874.7022,0.0,76.0,20.9122807
187,106881.76999999999,0.0,76.0,20.9122807
188,121619.40430000001,0.0,76.0,20.9122807
189,129846.7002,0.0,76.0,20.9122807
190,107998.6477,0.0,76.0,20.9122807
191,105657.2177,0.0,76.0,20.9122807
192,103405.91410000001,0.0,76.0,20.9122807
193,114786.48550000001,0.0,76.0,20.9122807
194,122922.0279,0.0,76.0,20.9122807
195,93000.5195,0.0,76.0,20.9122807
196,107116.2995,0.0,76.0,20.9122807
197,118992.6089,0.0,76.0,20.9122807
198,119053.3103,0.0,76.0,20.9122807
199,121649.3128,0.0,76.0,20.9122807
